time,symbol,event,score,state,bias,allow_trend,allow_mean_reversion,flip_count,dir_5m_1,dir_5m_2,dir_5m_3,dir_5m_4,dir_5m_5,dir_5m_6,dir_15m,dir_30m,vwap_dist_5m,vwap_dist_15m,vwap_dist_30m,vwap_dist_1h,sizing_mult,risk_mult,reason,quote_time,bid_price,bid_size,ask_price,ask_size,mid,spread,spread_pct_mid
2026-02-20T08:00:00-05:00,OPEN,5m_close,1.0,ACTIVE,BOTH,1,1,0,1,0,0,0,0,0,0,0,nan,nan,nan,nan,1.0,0.75,5m#1 ok (no extreme VWAP dislocation),2026-02-20T08:05:56.851101-05:00,5.49,100.0,5.5,100.0,5.495,0.009999999999999787,0.18198362147406347
2026-02-20T08:00:00-05:00,RGTI,5m_close,1.0,ACTIVE,BOTH,1,1,0,-1,0,0,0,0,0,0,0,nan,nan,nan,nan,1.0,0.75,5m#1 ok (no extreme VWAP dislocation),2026-02-20T08:07:24.644481-05:00,16.52,100.0,16.53,100.0,16.525,0.010000000000001563,0.060514372163398264
2026-02-20T08:05:00-05:00,OPEN,5m_close,1.0,ACTIVE,BOTH,1,1,0,1,1,0,0,0,0,0,0,nan,nan,nan,nan,1.0,0.75,5m#1 ok (no extreme VWAP dislocation),2026-02-20T08:11:57.496942-05:00,5.52,200.0,5.53,100.0,5.525,0.010000000000000675,0.18099547511313438
2026-02-20T08:08:00-05:00,TQQQ,5m_close,1.0,ACTIVE,BOTH,1,1,0,-1,0,0,0,0,0,0,0,nan,nan,nan,nan,1.0,0.75,5m#1 ok (no extreme VWAP dislocation),2026-02-20T08:11:57.433359-05:00,48.58,100.0,48.61,100.0,48.595,0.030000000000001137,0.061734746373085986
2026-02-20T08:07:00-05:00,RGTI,5m_close,1.0,ACTIVE,BOTH,1,1,0,-1,0,0,0,0,0,0,0,nan,nan,nan,nan,1.0,0.75,5m#1 ok (no extreme VWAP dislocation),2026-02-20T08:12:59.212595-05:00,16.54,100.0,16.56,200.0,16.549999999999997,0.019999999999999574,0.1208459214501485
2026-02-20T08:00:00-05:00,OPEN,15m_close,1.0,ACTIVE,BOTH,1,1,0,1,1,0,0,0,0,1,0,nan,nan,nan,nan,1.0,0.75,15m bias=BOTH from VWAP (nan%),2026-02-20T08:15:59.671522-05:00,5.52,100.0,5.53,100.0,5.525,0.010000000000000675,0.18099547511313438
2026-02-20T08:11:00-05:00,OPEN,5m_close,1.0,ACTIVE,BOTH,1,1,1,1,1,-1,0,0,0,1,0,-0.02705753798076391,nan,nan,nan,1.0,0.75,15m bias=BOTH from VWAP (nan%),2026-02-20T08:15:59.671522-05:00,5.52,100.0,5.53,100.0,5.525,0.010000000000000675,0.18099547511313438
2026-02-20T08:08:00-05:00,TQQQ,15m_close,1.0,ACTIVE,BOTH,1,1,0,-1,0,0,0,0,0,-1,0,nan,nan,nan,nan,1.0,0.75,15m bias=BOTH from VWAP (nan%),2026-02-20T08:15:59.442377-05:00,48.66,100.0,48.69,100.0,48.675,0.030000000000001137,0.06163328197226737
2026-02-20T08:11:00-05:00,TQQQ,5m_close,1.0,ACTIVE,BOTH,1,1,0,-1,0,0,0,0,0,-1,0,nan,nan,nan,nan,1.0,0.75,15m bias=BOTH from VWAP (nan%),2026-02-20T08:15:59.442377-05:00,48.66,100.0,48.69,100.0,48.675,0.030000000000001137,0.06163328197226737
2026-02-20T08:00:00-05:00,RGTI,15m_close,1.0,ACTIVE,BOTH,1,1,0,-1,0,0,0,0,0,1,0,nan,nan,nan,nan,1.0,0.75,15m bias=BOTH from VWAP (nan%),2026-02-20T08:15:58.770447-05:00,16.55,100.0,16.56,200.0,16.555,0.00999999999999801,0.06040471156749025
2026-02-20T08:12:00-05:00,RGTI,5m_close,1.0,ACTIVE,BOTH,1,1,0,-1,0,0,0,0,0,1,0,0.11413035782559097,nan,nan,nan,1.0,0.75,15m bias=BOTH from VWAP (nan%),2026-02-20T08:15:58.770447-05:00,16.55,100.0,16.56,200.0,16.555,0.00999999999999801,0.06040471156749025
2026-02-20T08:15:00-05:00,RGTI,5m_close,1.0,ACTIVE,BOTH,1,1,0,-1,0,0,0,0,0,1,0,0.13627573403467866,nan,nan,nan,1.0,0.75,15m bias=BOTH from VWAP (nan%),2026-02-20T08:20:55.573264-05:00,16.57,100.0,16.58,200.0,16.575,0.00999999999999801,0.060331825037695394
2026-02-20T08:15:00-05:00,OPEN,5m_close,1.0,ACTIVE,BOTH,1,1,1,1,1,-1,-1,0,0,1,0,-0.17837722220645233,nan,nan,nan,1.0,0.75,15m bias=BOTH from VWAP (nan%),2026-02-20T08:20:26.132805-05:00,5.5,100.0,5.51,100.0,5.505,0.009999999999999787,0.18165304268846116
2026-02-20T08:15:00-05:00,TQQQ,5m_close,1.0,ACTIVE,BOTH,1,1,0,-1,0,0,0,0,0,-1,0,0.04264197493261225,nan,nan,nan,1.0,0.75,15m bias=BOTH from VWAP (nan%),2026-02-20T08:21:59.921350-05:00,48.67,100.0,48.7,100.0,48.685,0.030000000000001137,0.061620622368288254
2026-02-20T08:20:00-05:00,RGTI,5m_close,1.0,ACTIVE,BOTH,1,1,0,-1,0,0,0,0,0,1,0,0.1552051787277326,nan,nan,nan,1.0,0.75,15m bias=BOTH from VWAP (nan%),2026-02-20T08:25:50.442642-05:00,16.56,100.0,16.57,100.0,16.564999999999998,0.010000000000001563,0.060368246302454354
2026-02-20T08:21:00-05:00,TQQQ,5m_close,1.0,ACTIVE,BOTH,1,1,0,-1,0,0,-1,0,0,-1,0,0.059502805132246574,nan,nan,nan,1.0,0.75,15m bias=BOTH from VWAP (nan%),2026-02-20T08:25:56.908375-05:00,48.64,100.0,48.67,100.0,48.655,0.030000000000001137,0.06165861679169898
2026-02-20T08:20:00-05:00,OPEN,5m_close,1.0,ACTIVE,BOTH,1,1,2,1,1,-1,-1,1,0,1,0,0.032943842206116354,nan,nan,nan,1.0,0.75,15m bias=BOTH from VWAP (nan%),2026-02-20T08:27:57.651655-05:00,5.54,200.0,5.55,100.0,5.545,0.009999999999999787,0.1803426510369664
2026-02-20T08:08:00-05:00,TQQQ,30m_close,1.2,CONFIRMED,BOTH,1,1,0,-1,0,0,-1,0,0,-1,1,0.059502805132246574,nan,nan,nan,1.0,1.0,15m bias=BOTH from VWAP (nan%),2026-02-20T08:30:11.588548-05:00,48.69,100.0,0.0,0.0,24.345,-48.69,-200.0
2026-02-20T08:15:00-05:00,TQQQ,15m_close,1.2,CONFIRMED,BOTH,1,1,0,-1,0,0,-1,0,0,1,1,0.059502805132246574,nan,nan,nan,1.0,1.0,15m bias=BOTH from VWAP (nan%),2026-02-20T08:30:11.588548-05:00,48.69,100.0,0.0,0.0,24.345,-48.69,-200.0
2026-02-20T08:25:00-05:00,TQQQ,5m_close,1.2,CONFIRMED,BOTH,1,1,1,-1,0,0,-1,1,0,1,1,0.2817016678098217,nan,nan,nan,1.0,1.0,15m bias=BOTH from VWAP (nan%),2026-02-20T08:30:11.588548-05:00,48.69,100.0,0.0,0.0,24.345,-48.69,-200.0
2026-02-20T08:00:00-05:00,OPEN,30m_close,1.2,CONFIRMED,BOTH,1,1,2,1,1,-1,-1,1,0,1,1,0.032943842206116354,nan,nan,nan,1.0,1.0,15m bias=BOTH from VWAP (nan%),2026-02-20T08:31:54.414162-05:00,5.48,100.0,5.52,100.0,5.5,0.03999999999999915,0.7272727272727117
2026-02-20T08:15:00-05:00,OPEN,15m_close,1.2,CONFIRMED,BOTH,1,1,2,1,1,-1,-1,1,0,1,1,0.032943842206116354,nan,nan,nan,1.0,1.0,15m bias=BOTH from VWAP (nan%),2026-02-20T08:31:54.414162-05:00,5.48,100.0,5.52,100.0,5.5,0.03999999999999915,0.7272727272727117
2026-02-20T08:27:00-05:00,OPEN,5m_close,1.2,CONFIRMED,BOTH,1,1,2,1,1,-1,-1,1,1,1,1,0.3322062331758246,nan,nan,nan,1.0,1.0,15m bias=BOTH from VWAP (nan%),2026-02-20T08:31:54.414162-05:00,5.48,100.0,5.52,100.0,5.5,0.03999999999999915,0.7272727272727117
2026-02-20T08:00:00-05:00,RGTI,30m_close,1.2,CONFIRMED,BOTH,1,1,0,-1,0,0,0,0,0,1,1,0.1552051787277326,nan,nan,nan,1.0,1.0,15m bias=BOTH from VWAP (nan%),2026-02-20T08:32:35.488162-05:00,16.36,100.0,16.46,100.0,16.41,0.10000000000000142,0.6093845216331593
2026-02-20T08:15:00-05:00,RGTI,15m_close,1.2,CONFIRMED,BOTH,1,1,0,-1,0,0,0,0,0,1,1,0.1552051787277326,nan,nan,nan,1.0,1.0,15m bias=BOTH from VWAP (nan%),2026-02-20T08:32:35.488162-05:00,16.36,100.0,16.46,100.0,16.41,0.10000000000000142,0.6093845216331593
2026-02-20T08:25:00-05:00,RGTI,5m_close,1.2,CONFIRMED,BOTH,1,1,0,-1,0,0,0,0,0,1,1,0.08299317405529684,nan,nan,nan,1.0,1.0,15m bias=BOTH from VWAP (nan%),2026-02-20T08:32:35.488162-05:00,16.36,100.0,16.46,100.0,16.41,0.10000000000000142,0.6093845216331593
2026-02-20T08:31:00-05:00,OPEN,5m_close,1.2,CONFIRMED,BOTH,1,1,2,1,1,-1,-1,1,1,1,1,-1.1537203543903503,nan,nan,nan,1.0,1.0,15m bias=BOTH from VWAP (nan%),2026-02-20T08:35:52.625489-05:00,5.43,100.0,5.45,100.0,5.4399999999999995,0.020000000000000462,0.36764705882353793
2026-02-20T08:30:00-05:00,TQQQ,5m_close,1.2,CONFIRMED,BOTH,1,1,2,-1,0,0,-1,1,-1,1,1,-0.44428222503204035,nan,nan,nan,1.0,1.0,15m bias=BOTH from VWAP (nan%),2026-02-20T08:35:59.866984-05:00,48.37,100.0,48.39,100.0,48.379999999999995,0.020000000000003126,0.04133939644481837
2026-02-20T08:35:00-05:00,TQQQ,5m_close,1.2,CONFIRMED,BOTH,1,1,2,-1,0,0,-1,1,-1,1,1,-0.22369778259790693,nan,nan,nan,1.0,1.0,15m bias=BOTH from VWAP (nan%),2026-02-20T08:40:59.702365-05:00,48.1,100.0,48.12,800.0,48.11,0.01999999999999602,0.04157139887756396
2026-02-20T08:36:00-05:00,QQQ,5m_close,1.0,ACTIVE,BOTH,1,1,0,-1,0,0,0,0,0,0,0,nan,nan,nan,nan,1.0,0.75,5m#1 ok (no extreme VWAP dislocation),2026-02-20T08:41:00.002393-05:00,600.62,280.0,600.71,280.0,600.665,0.09000000000003183,0.014983393405647381
2026-02-20T08:35:00-05:00,OPEN,5m_close,1.2,CONFIRMED,BOTH,1,1,2,1,1,-1,-1,1,1,1,1,-0.6344553321996722,nan,nan,nan,1.0,1.0,15m bias=BOTH from VWAP (nan%),2026-02-20T08:40:58.137966-05:00,5.39,100.0,5.4,100.0,5.395,0.010000000000000675,0.1853568118628485
2026-02-20T08:32:00-05:00,RGTI,5m_close,1.2,CONFIRMED,BOTH,1,1,0,-1,0,0,0,0,0,1,1,-0.839587195237259,nan,nan,nan,1.0,1.0,15m bias=BOTH from VWAP (nan%),2026-02-20T08:41:58.261027-05:00,16.26,100.0,16.31,100.0,16.285,0.04999999999999716,0.3070310101320059
2026-02-20T08:36:00-05:00,QQQ,15m_close,1.0,ACTIVE,BOTH,1,1,0,-1,0,0,0,0,0,-1,0,nan,nan,nan,nan,1.0,0.75,15m bias=BOTH from VWAP (nan%),2026-02-20T08:46:59.950307-05:00,600.53,280.0,600.6,280.0,600.565,0.07000000000005002,0.011655690891085898
2026-02-20T08:40:00-05:00,QQQ,5m_close,1.0,ACTIVE,BOTH,1,1,0,-1,-1,0,0,0,0,-1,0,nan,nan,nan,nan,1.0,0.75,15m bias=BOTH from VWAP (nan%),2026-02-20T08:46:59.950307-05:00,600.53,280.0,600.6,280.0,600.565,0.07000000000005002,0.011655690891085898
2026-02-20T08:31:00-05:00,OPEN,15m_close,1.2,CONFIRMED,SHORT_ONLY,1,1,2,1,1,-1,-1,1,1,-1,1,-0.6344553321996722,-1.1111683918282749,nan,nan,1.0,1.0,15m bias=SHORT_ONLY from VWAP (-1.11%),2026-02-20T08:46:47.494849-05:00,5.36,100.0,5.38,100.0,5.37,0.019999999999999574,0.37243947858472204
2026-02-20T08:40:00-05:00,OPEN,5m_close,1.2,CONFIRMED,SHORT_ONLY,1,1,2,1,1,-1,-1,1,1,-1,1,-1.1407240699908292,-1.1111683918282749,nan,nan,1.0,1.0,15m bias=SHORT_ONLY from VWAP (-1.11%),2026-02-20T08:46:47.494849-05:00,5.36,100.0,5.38,100.0,5.37,0.019999999999999574,0.37243947858472204
2026-02-20T08:30:00-05:00,TQQQ,15m_close,1.2,CONFIRMED,SHORT_ONLY,1,1,2,-1,0,0,-1,1,-1,-1,1,-0.22369778259790693,-0.3613858261973525,nan,nan,1.0,1.0,15m bias=SHORT_ONLY from VWAP (-0.36%),2026-02-20T08:46:59.951847-05:00,48.07,800.0,48.09,800.0,48.08,0.020000000000003126,0.0415973377703892
2026-02-20T08:40:00-05:00,TQQQ,5m_close,1.2,CONFIRMED,SHORT_ONLY,1,1,2,-1,0,0,-1,1,-1,-1,1,-0.24361504768339645,-0.3613858261973525,nan,nan,1.0,1.0,15m bias=SHORT_ONLY from VWAP (-0.36%),2026-02-20T08:46:59.951847-05:00,48.07,800.0,48.09,800.0,48.08,0.020000000000003126,0.0415973377703892
2026-02-20T08:25:00-05:00,UNG,30m_close,1.2,CONFIRMED,BOTH,1,1,0,0,0,0,0,0,0,0,1,nan,nan,nan,nan,1.0,1.0,,2026-02-20T08:46:59.156784-05:00,11.87,2500.0,11.88,2600.0,11.875,0.010000000000001563,0.08421052631580264
2026-02-20T08:25:00-05:00,UNG,15m_close,1.2,CONFIRMED,BOTH,1,1,0,0,0,0,0,0,0,1,1,nan,nan,nan,nan,1.0,1.0,15m bias=BOTH from VWAP (nan%),2026-02-20T08:46:59.156784-05:00,11.87,2500.0,11.88,2600.0,11.875,0.010000000000001563,0.08421052631580264
2026-02-20T08:25:00-05:00,UNG,5m_close,1.2,CONFIRMED,BOTH,1,1,0,1,0,0,0,0,0,1,1,nan,nan,nan,nan,1.0,1.0,5m#1 ok (no extreme VWAP dislocation),2026-02-20T08:46:59.156784-05:00,11.87,2500.0,11.88,2600.0,11.875,0.010000000000001563,0.08421052631580264
2026-02-20T08:32:00-05:00,RGTI,15m_close,1.2,CONFIRMED,SHORT_ONLY,1,1,0,-1,0,0,0,0,0,-1,1,-0.839587195237259,-1.5500453715148637,nan,nan,1.0,1.0,15m bias=SHORT_ONLY from VWAP (-1.55%),2026-02-20T08:47:59.754734-05:00,16.26,200.0,16.27,100.0,16.265,0.00999999999999801,0.06148170919150329
2026-02-20T08:41:00-05:00,RGTI,5m_close,1.2,CONFIRMED,SHORT_ONLY,1,1,0,-1,0,0,0,0,0,-1,1,-1.5489108069961033,-1.5500453715148637,nan,nan,1.0,1.0,15m bias=SHORT_ONLY from VWAP (-1.55%),2026-02-20T08:47:59.754734-05:00,16.26,200.0,16.27,100.0,16.265,0.00999999999999801,0.06148170919150329
2026-02-20T08:47:00-05:00,RGTI,5m_close,1.2,CONFIRMED,SHORT_ONLY,1,1,0,-1,0,0,0,0,0,-1,1,-1.0710321473465825,-1.5500453715148637,nan,nan,1.0,1.0,15m bias=SHORT_ONLY from VWAP (-1.55%),2026-02-20T08:50:58.991035-05:00,16.25,100.0,16.27,200.0,16.259999999999998,0.019999999999999574,0.12300123001229753
2026-02-20T08:46:00-05:00,OPEN,5m_close,1.2,CONFIRMED,SHORT_ONLY,1,1,2,1,1,-1,-1,1,1,-1,1,-1.7893737522655644,-1.1111683918282749,nan,nan,1.0,1.0,15m bias=SHORT_ONLY from VWAP (-1.11%),2026-02-20T08:50:59.445781-05:00,5.37,100.0,5.38,100.0,5.375,0.009999999999999787,0.18604651162790303
2026-02-20T08:46:00-05:00,TQQQ,5m_close,1.2,CONFIRMED,SHORT_ONLY,1,1,2,-1,0,0,-1,1,-1,-1,1,-0.3521388425633381,-0.3613858261973525,nan,nan,1.0,1.0,15m bias=SHORT_ONLY from VWAP (-0.36%),2026-02-20T08:50:58.179516-05:00,48.12,800.0,48.14,800.0,48.129999999999995,0.020000000000003126,0.041554124246838
2026-02-20T08:46:00-05:00,QQQ,5m_close,1.0,ACTIVE,BOTH,1,1,0,-1,-1,0,0,0,0,-1,0,-0.03001784329375207,nan,nan,nan,1.0,0.75,15m bias=BOTH from VWAP (nan%),2026-02-20T08:52:59.223151-05:00,600.85,280.0,600.93,280.0,600.89,0.07999999999992724,0.013313584849128333
2026-02-20T08:50:00-05:00,RGTI,5m_close,1.2,CONFIRMED,SHORT_ONLY,1,1,0,-1,0,0,0,0,0,-1,1,-0.6600492013531903,-1.5500453715148637,nan,nan,1.0,1.0,15m bias=SHORT_ONLY from VWAP (-1.55%),2026-02-20T08:55:56.062367-05:00,16.3,100.0,16.32,100.0,16.310000000000002,0.019999999999999574,0.12262415695891828
2026-02-20T08:50:00-05:00,TQQQ,5m_close,1.2,CONFIRMED,SHORT_ONLY,1,1,2,-1,0,0,-1,1,-1,-1,1,-0.2383172728214587,-0.3613858261973525,nan,nan,1.0,1.0,15m bias=SHORT_ONLY from VWAP (-0.36%),2026-02-20T08:55:59.903671-05:00,48.16,800.0,48.18,800.0,48.17,0.020000000000003126,0.04151961801952071
2026-02-20T08:50:00-05:00,OPEN,5m_close,1.2,CONFIRMED,SHORT_ONLY,1,1,2,1,1,-1,-1,1,1,-1,1,-1.325269420888936,-1.1111683918282749,nan,nan,1.0,1.0,15m bias=SHORT_ONLY from VWAP (-1.11%),2026-02-20T08:55:37.253918-05:00,5.37,100.0,5.38,100.0,5.375,0.009999999999999787,0.18604651162790303
2026-02-20T08:46:00-05:00,UNG,5m_close,1.2,CONFIRMED,BOTH,1,1,0,1,0,0,0,0,0,1,1,nan,nan,nan,nan,1.0,1.0,5m#1 ok (no extreme VWAP dislocation),2026-02-20T08:57:59.581864-05:00,11.89,2600.0,11.91,2600.0,11.9,0.019999999999999574,0.1680672268907527
2026-02-20T08:52:00-05:00,QQQ,5m_close,1.0,ACTIVE,BOTH,1,1,0,-1,-1,0,0,0,0,-1,0,0.026438859700065417,nan,nan,nan,1.0,0.75,15m bias=BOTH from VWAP (nan%),2026-02-20T09:00:00.000439-05:00,601.4,280.0,601.48,280.0,601.44,0.08000000000004093,0.013301409949461447
2026-02-20T08:36:00-05:00,QQQ,1h_close,1.0,ACTIVE,BOTH,1,1,0,-1,-1,0,0,0,0,-1,0,0.026438859700065417,nan,nan,nan,1.0,0.75,15m bias=BOTH from VWAP (nan%),2026-02-20T09:00:59.915143-05:00,601.31,280.0,601.39,280.0,601.3499999999999,0.08000000000004093,0.013303400681806092
2026-02-20T08:36:00-05:00,QQQ,30m_close,1.2,CONFIRMED,BOTH,1,1,0,-1,-1,0,0,0,0,-1,-1,0.026438859700065417,nan,nan,nan,1.0,1.0,15m bias=BOTH from VWAP (nan%),2026-02-20T09:00:59.915143-05:00,601.31,280.0,601.39,280.0,601.3499999999999,0.08000000000004093,0.013303400681806092
2026-02-20T08:46:00-05:00,QQQ,15m_close,1.2,CONFIRMED,BOTH,1,1,0,-1,-1,0,0,0,0,1,-1,0.026438859700065417,nan,nan,nan,1.0,1.0,15m bias=BOTH from VWAP (nan%),2026-02-20T09:00:59.915143-05:00,601.31,280.0,601.39,280.0,601.3499999999999,0.08000000000004093,0.013303400681806092
2026-02-20T08:59:00-05:00,QQQ,5m_close,1.2,CONFIRMED,BOTH,1,1,0,-1,-1,0,0,0,0,1,-1,0.06042196544604134,nan,nan,nan,1.0,1.0,15m bias=BOTH from VWAP (nan%),2026-02-20T09:00:59.915143-05:00,601.31,280.0,601.39,280.0,601.3499999999999,0.08000000000004093,0.013303400681806092
2026-02-20T08:08:00-05:00,TQQQ,1h_close,1.2,CONFIRMED,SHORT_ONLY,1,1,2,-1,0,0,-1,1,-1,-1,1,-0.2383172728214587,-0.3613858261973525,nan,nan,1.0,1.0,15m bias=SHORT_ONLY from VWAP (-0.36%),2026-02-20T09:00:59.726476-05:00,48.25,800.0,48.27,800.0,48.260000000000005,0.020000000000003126,0.041442188147540665
2026-02-20T08:30:00-05:00,TQQQ,30m_close,1.44,CONFIRMED,SHORT_ONLY,1,1,2,-1,0,0,-1,1,-1,-1,-1,-0.2383172728214587,-0.3613858261973525,nan,nan,1.0,1.0,15m bias=SHORT_ONLY from VWAP (-0.36%),2026-02-20T09:00:59.726476-05:00,48.25,800.0,48.27,800.0,48.260000000000005,0.020000000000003126,0.041442188147540665
2026-02-20T08:46:00-05:00,TQQQ,15m_close,1.44,CONFIRMED,BOTH,0,1,2,-1,0,0,-1,1,-1,1,-1,-0.2383172728214587,-0.08520617449742299,nan,nan,1.0,1.0,15m near VWAP (-0.09%): bias=BOTH; favor reversion,2026-02-20T09:00:59.726476-05:00,48.25,800.0,48.27,800.0,48.260000000000005,0.020000000000003126,0.041442188147540665
2026-02-20T08:55:00-05:00,TQQQ,5m_close,1.44,CONFIRMED,BOTH,0,1,2,-1,0,0,-1,1,-1,1,-1,0.03217607051949894,-0.08520617449742299,nan,nan,1.0,1.0,15m near VWAP (-0.09%): bias=BOTH; favor reversion,2026-02-20T09:00:59.726476-05:00,48.25,800.0,48.27,800.0,48.260000000000005,0.020000000000003126,0.041442188147540665
2026-02-20T08:00:00-05:00,OPEN,1h_close,1.2,CONFIRMED,SHORT_ONLY,1,1,2,1,1,-1,-1,1,1,-1,1,-1.325269420888936,-1.1111683918282749,nan,nan,1.0,1.0,15m bias=SHORT_ONLY from VWAP (-1.11%),2026-02-20T09:00:57.762912-05:00,5.39,100.0,5.4,100.0,5.395,0.010000000000000675,0.1853568118628485
2026-02-20T08:31:00-05:00,OPEN,30m_close,1.44,CONFIRMED,SHORT_ONLY,1,1,2,1,1,-1,-1,1,1,-1,-1,-1.325269420888936,-1.1111683918282749,nan,nan,1.0,1.0,15m bias=SHORT_ONLY from VWAP (-1.11%),2026-02-20T09:00:57.762912-05:00,5.39,100.0,5.4,100.0,5.395,0.010000000000000675,0.1853568118628485
2026-02-20T08:46:00-05:00,OPEN,15m_close,1.44,CONFIRMED,SHORT_ONLY,1,1,2,1,1,-1,-1,1,1,1,-1,-1.325269420888936,-0.5260476572823113,nan,nan,1.0,1.0,15m bias=SHORT_ONLY from VWAP (-0.53%),2026-02-20T09:00:57.762912-05:00,5.39,100.0,5.4,100.0,5.395,0.010000000000000675,0.1853568118628485
2026-02-20T08:55:00-05:00,OPEN,5m_close,1.44,CONFIRMED,SHORT_ONLY,1,1,2,1,1,-1,-1,1,1,1,-1,-0.5082314309604232,-0.5260476572823113,nan,nan,1.0,1.0,15m bias=SHORT_ONLY from VWAP (-0.53%),2026-02-20T09:00:57.762912-05:00,5.39,100.0,5.4,100.0,5.395,0.010000000000000675,0.1853568118628485
2026-02-20T08:00:00-05:00,RGTI,1h_close,1.2,CONFIRMED,SHORT_ONLY,1,1,0,-1,0,0,0,0,0,-1,1,-0.6600492013531903,-1.5500453715148637,nan,nan,1.0,1.0,15m bias=SHORT_ONLY from VWAP (-1.55%),2026-02-20T09:01:58.138754-05:00,16.31,200.0,16.33,100.0,16.32,0.019999999999999574,0.12254901960784054
2026-02-20T08:32:00-05:00,RGTI,30m_close,1.44,CONFIRMED,SHORT_ONLY,1,1,0,-1,0,0,0,0,0,-1,-1,-0.6600492013531903,-1.5500453715148637,nan,nan,1.0,1.0,15m bias=SHORT_ONLY from VWAP (-1.55%),2026-02-20T09:01:58.138754-05:00,16.31,200.0,16.33,100.0,16.32,0.019999999999999574,0.12254901960784054
2026-02-20T08:47:00-05:00,RGTI,15m_close,1.44,CONFIRMED,SHORT_ONLY,1,1,0,-1,0,0,0,0,0,1,-1,-0.6600492013531903,-0.15730261665253636,nan,nan,1.0,1.0,15m bias=SHORT_ONLY from VWAP (-0.16%),2026-02-20T09:01:58.138754-05:00,16.31,200.0,16.33,100.0,16.32,0.019999999999999574,0.12254901960784054
2026-02-20T08:55:00-05:00,RGTI,5m_close,1.44,CONFIRMED,SHORT_ONLY,1,1,0,-1,0,0,0,0,0,1,-1,-0.08943945391559958,-0.15730261665253636,nan,nan,1.0,1.0,15m bias=SHORT_ONLY from VWAP (-0.16%),2026-02-20T09:01:58.138754-05:00,16.31,200.0,16.33,100.0,16.32,0.019999999999999574,0.12254901960784054
2026-02-20T09:00:00-05:00,QQQ,5m_close,1.2,CONFIRMED,BOTH,1,1,0,-1,-1,0,0,0,0,1,-1,0.1015837108284471,nan,nan,nan,1.0,1.0,15m bias=BOTH from VWAP (nan%),2026-02-20T09:05:59.701270-05:00,601.29,280.0,601.37,280.0,601.3299999999999,0.08000000000004093,0.013303843147696098
2026-02-20T09:01:00-05:00,RGTI,5m_close,1.44,CONFIRMED,SHORT_ONLY,1,1,0,-1,0,0,0,0,0,1,-1,-0.3479701269137337,-0.15730261665253636,nan,nan,1.0,1.0,15m bias=SHORT_ONLY from VWAP (-0.16%),2026-02-20T09:05:53.968079-05:00,16.32,100.0,16.33,100.0,16.325,0.00999999999999801,0.06125574272586836
2026-02-20T09:00:00-05:00,OPEN,5m_close,1.44,CONFIRMED,SHORT_ONLY,1,1,2,1,1,-1,-1,1,1,1,-1,-1.5554837637826469,-0.5260476572823113,nan,nan,1.0,1.0,15m bias=SHORT_ONLY from VWAP (-0.53%),2026-02-20T09:06:59.249953-05:00,5.37,100.0,5.38,100.0,5.375,0.009999999999999787,0.18604651162790303
2026-02-20T09:00:00-05:00,TQQQ,5m_close,1.44,CONFIRMED,BOTH,0,1,2,-1,0,0,-1,1,-1,1,-1,0.08575904231304644,-0.08520617449742299,nan,nan,1.0,1.0,15m near VWAP (-0.09%): bias=BOTH; favor reversion,2026-02-20T09:07:00.004021-05:00,48.3,800.0,48.32,800.0,48.31,0.020000000000003126,0.04139929621197087
2026-02-20T09:06:00-05:00,OPEN,5m_close,1.44,CONFIRMED,SHORT_ONLY,1,1,2,1,1,-1,-1,1,1,1,-1,-2.6072666183307005,-0.5260476572823113,nan,nan,1.0,1.0,15m bias=SHORT_ONLY from VWAP (-0.53%),2026-02-20T09:10:48.514809-05:00,5.27,100.0,5.28,100.0,5.275,0.010000000000000675,0.1895734597156526
2026-02-20T09:05:00-05:00,RGTI,5m_close,1.44,CONFIRMED,SHORT_ONLY,1,1,0,-1,0,0,0,0,0,1,-1,-0.37229943803655885,-0.15730261665253636,nan,nan,1.0,1.0,15m bias=SHORT_ONLY from VWAP (-0.16%),2026-02-20T09:11:44.835477-05:00,16.26,100.0,16.27,100.0,16.265,0.00999999999999801,0.06148170919150329
2026-02-20T08:25:00-05:00,UNG,1h_close,1.2,CONFIRMED,BOTH,1,1,0,1,0,0,0,0,0,1,1,nan,nan,nan,nan,1.0,1.0,5m#1 ok (no extreme VWAP dislocation),2026-02-20T09:11:59.420298-05:00,11.88,2500.0,11.89,2600.0,11.885000000000002,0.009999999999999787,0.08413967185527796
2026-02-20T08:46:00-05:00,UNG,30m_close,1.44,CONFIRMED,BOTH,1,1,0,1,0,0,0,0,0,1,1,nan,nan,nan,nan,1.0,1.0,5m#1 ok (no extreme VWAP dislocation),2026-02-20T09:11:59.420298-05:00,11.88,2500.0,11.89,2600.0,11.885000000000002,0.009999999999999787,0.08413967185527796
2026-02-20T08:46:00-05:00,UNG,15m_close,1.44,CONFIRMED,BOTH,1,1,0,1,0,0,0,0,0,1,1,nan,nan,nan,nan,1.0,1.0,15m bias=BOTH from VWAP (nan%),2026-02-20T09:11:59.420298-05:00,11.88,2500.0,11.89,2600.0,11.885000000000002,0.009999999999999787,0.08413967185527796
2026-02-20T08:57:00-05:00,UNG,5m_close,1.44,CONFIRMED,BOTH,1,1,0,1,0,0,0,0,0,1,1,0.052548607461899266,nan,nan,nan,1.0,1.0,15m bias=BOTH from VWAP (nan%),2026-02-20T09:11:59.420298-05:00,11.88,2500.0,11.89,2600.0,11.885000000000002,0.009999999999999787,0.08413967185527796
2026-02-20T09:06:00-05:00,TQQQ,5m_close,1.44,CONFIRMED,BOTH,0,1,2,-1,0,0,-1,1,-1,1,-1,0.002182255643391826,-0.08520617449742299,nan,nan,1.0,1.0,15m near VWAP (-0.09%): bias=BOTH; favor reversion,2026-02-20T09:13:59.681966-05:00,48.08,800.0,48.1,800.0,48.09,0.020000000000003126,0.04158868787690398
2026-02-20T08:46:00-05:00,NVD,1h_close,1.0,ACTIVE,BOTH,1,1,0,0,0,0,0,0,0,0,0,nan,nan,nan,nan,1.0,0.75,,2026-02-20T09:14:21.461233-05:00,6.87,600.0,6.88,700.0,6.875,0.009999999999999787,0.14545454545454234
2026-02-20T08:46:00-05:00,NVD,30m_close,1.0,ACTIVE,BOTH,1,1,0,0,0,0,0,0,0,0,0,nan,nan,nan,nan,1.0,0.75,30m neutral: no confirmation,2026-02-20T09:14:21.461233-05:00,6.87,600.0,6.88,700.0,6.875,0.009999999999999787,0.14545454545454234
2026-02-20T08:46:00-05:00,NVD,15m_close,1.0,ACTIVE,BOTH,1,1,0,0,0,0,0,0,0,0,0,nan,nan,nan,nan,1.0,0.75,15m bias=BOTH from VWAP (nan%),2026-02-20T09:14:21.461233-05:00,6.87,600.0,6.88,700.0,6.875,0.009999999999999787,0.14545454545454234
2026-02-20T08:46:00-05:00,NVD,5m_close,1.0,ACTIVE,BOTH,1,1,0,0,0,0,0,0,0,0,0,nan,nan,nan,nan,1.0,0.75,5m#1 ok (no extreme VWAP dislocation),2026-02-20T09:14:21.461233-05:00,6.87,600.0,6.88,700.0,6.875,0.009999999999999787,0.14545454545454234
2026-02-20T09:14:00-05:00,NVD,15m_close,1.0,ACTIVE,BOTH,1,1,0,0,0,0,0,0,0,0,0,nan,nan,nan,nan,1.0,0.75,15m bias=BOTH from VWAP (nan%),2026-02-20T09:15:56.920522-05:00,6.88,700.0,6.9,100.0,6.890000000000001,0.020000000000000462,0.2902757619738819
2026-02-20T09:14:00-05:00,NVD,5m_close,1.0,ACTIVE,BOTH,1,1,0,0,0,0,0,0,0,0,0,nan,nan,nan,nan,1.0,0.75,15m bias=BOTH from VWAP (nan%),2026-02-20T09:15:56.920522-05:00,6.88,700.0,6.9,100.0,6.890000000000001,0.020000000000000462,0.2902757619738819
2026-02-20T09:01:00-05:00,RGTI,15m_close,1.44,CONFIRMED,SHORT_ONLY,1,1,0,-1,0,0,0,0,0,-1,-1,-0.37229943803655885,-0.6641656926399304,nan,nan,1.0,1.0,15m bias=SHORT_ONLY from VWAP (-0.66%),2026-02-20T09:15:58.502467-05:00,16.22,100.0,16.24,100.0,16.229999999999997,0.019999999999999574,0.12322858903265298
2026-02-20T09:11:00-05:00,RGTI,5m_close,1.44,CONFIRMED,SHORT_ONLY,1,1,0,-1,0,0,0,0,0,-1,-1,-0.6497993871537062,-0.6641656926399304,nan,nan,1.0,1.0,15m bias=SHORT_ONLY from VWAP (-0.66%),2026-02-20T09:15:58.502467-05:00,16.22,100.0,16.24,100.0,16.229999999999997,0.019999999999999574,0.12322858903265298
2026-02-20T09:00:00-05:00,OPEN,15m_close,1.44,CONFIRMED,SHORT_ONLY,1,1,2,1,1,-1,-1,1,1,-1,-1,-2.6072666183307005,-2.7578932545806043,nan,nan,1.0,1.0,15m bias=SHORT_ONLY from VWAP (-2.76%),2026-02-20T09:15:57.575088-05:00,5.24,200.0,5.26,100.0,5.25,0.019999999999999574,0.3809523809523728
2026-02-20T09:10:00-05:00,OPEN,5m_close,1.44,CONFIRMED,SHORT_ONLY,1,1,2,1,1,-1,-1,1,1,-1,-1,-2.744271397973437,-2.7578932545806043,nan,nan,1.0,1.0,15m bias=SHORT_ONLY from VWAP (-2.76%),2026-02-20T09:15:57.575088-05:00,5.24,200.0,5.26,100.0,5.25,0.019999999999999574,0.3809523809523728
2026-02-20T09:00:00-05:00,TQQQ,15m_close,1.44,CONFIRMED,SHORT_ONLY,1,1,2,-1,0,0,-1,1,-1,-1,-1,0.002182255643391826,-0.46986216767626166,nan,nan,1.0,1.0,15m bias=SHORT_ONLY from VWAP (-0.47%),2026-02-20T09:15:59.572850-05:00,47.94,100.0,47.96,100.0,47.95,0.020000000000003126,0.041710114702821946
2026-02-20T09:13:00-05:00,TQQQ,5m_close,1.44,CONFIRMED,SHORT_ONLY,1,1,2,-1,0,0,-1,1,-1,-1,-1,-0.39389948288179105,-0.46986216767626166,nan,nan,1.0,1.0,15m bias=SHORT_ONLY from VWAP (-0.47%),2026-02-20T09:15:59.572850-05:00,47.94,100.0,47.96,100.0,47.95,0.020000000000003126,0.041710114702821946
2026-02-20T09:15:00-05:00,TQQQ,5m_close,1.44,CONFIRMED,SHORT_ONLY,1,1,2,-1,0,0,-1,1,-1,-1,-1,-0.5483496102084341,-0.46986216767626166,nan,nan,1.0,1.0,15m bias=SHORT_ONLY from VWAP (-0.47%),2026-02-20T09:20:59.493870-05:00,47.88,800.0,47.9,800.0,47.89,0.01999999999999602,0.041762372102727124
2026-02-20T09:15:00-05:00,OPEN,5m_close,1.44,CONFIRMED,SHORT_ONLY,1,1,2,1,1,-1,-1,1,1,-1,-1,-2.5588770816828665,-2.7578932545806043,nan,nan,1.0,1.0,15m bias=SHORT_ONLY from VWAP (-2.76%),2026-02-20T09:20:58.473360-05:00,5.29,100.0,5.3,100.0,5.295,0.009999999999999787,0.18885741265344264
2026-02-20T09:00:00-05:00,QQQ,15m_close,1.2,CONFIRMED,BOTH,1,1,0,-1,-1,0,0,0,0,0,-1,0.1015837108284471,0.07228811548816935,nan,nan,1.0,1.0,15m near VWAP (0.07%): bias=BOTH; favor reversion,2026-02-20T09:20:59.971549-05:00,599.78,280.0,0.0,0.0,299.89,-599.78,-200.0
2026-02-20T09:05:00-05:00,QQQ,5m_close,1.2,CONFIRMED,BOTH,1,1,0,-1,-1,0,0,0,0,0,-1,0.08822229427689891,0.07228811548816935,nan,nan,1.0,1.0,15m near VWAP (0.07%): bias=BOTH; favor reversion,2026-02-20T09:20:59.971549-05:00,599.78,280.0,0.0,0.0,299.89,-599.78,-200.0
2026-02-20T09:00:00-05:00,QQQ,1h_close,1.2,CONFIRMED,BOTH,1,1,0,-1,-1,0,0,0,0,0,-1,0.08822229427689891,0.07228811548816935,nan,nan,1.0,1.0,15m near VWAP (0.07%): bias=BOTH; favor reversion,2026-02-20T15:53:00.134482-05:00,607.94,200.0,607.98,320.0,607.96,0.03999999999996362,0.006579380222377067
2026-02-20T09:00:00-05:00,QQQ,30m_close,1.44,CONFIRMED,BOTH,1,1,0,-1,-1,0,0,0,0,0,-1,0.08822229427689891,0.07228811548816935,nan,nan,1.0,1.0,15m near VWAP (0.07%): bias=BOTH; favor reversion,2026-02-20T15:53:00.134482-05:00,607.94,200.0,607.98,320.0,607.96,0.03999999999996362,0.006579380222377067
2026-02-20T09:20:00-05:00,QQQ,15m_close,1.44,CONFIRMED,SHORT_ONLY,1,1,0,-1,-1,0,0,0,0,0,-1,0.08822229427689891,-0.1812965869000338,nan,nan,1.0,1.0,15m bias=SHORT_ONLY from VWAP (-0.18%),2026-02-20T15:53:00.134482-05:00,607.94,200.0,607.98,320.0,607.96,0.03999999999996362,0.006579380222377067
2026-02-20T09:20:00-05:00,QQQ,5m_close,1.44,CONFIRMED,SHORT_ONLY,1,1,0,-1,-1,0,0,0,0,0,-1,-0.16563019475551133,-0.1812965869000338,nan,nan,1.0,1.0,15m bias=SHORT_ONLY from VWAP (-0.18%),2026-02-20T15:53:00.134482-05:00,607.94,200.0,607.98,320.0,607.96,0.03999999999996362,0.006579380222377067
2026-02-20T09:00:00-05:00,OPEN,1h_close,1.44,CONFIRMED,SHORT_ONLY,1,1,2,1,1,-1,-1,1,1,-1,-1,-2.5588770816828665,-2.7578932545806043,nan,nan,1.0,1.0,15m bias=SHORT_ONLY from VWAP (-2.76%),2026-02-20T15:52:59.988168-05:00,4.98,4400.0,4.99,2000.0,4.985,0.009999999999999787,0.20060180541624445
2026-02-20T09:00:00-05:00,OPEN,30m_close,1.728,CONFIRMED,SHORT_ONLY,1,1,2,1,1,-1,-1,1,1,-1,-1,-2.5588770816828665,-2.7578932545806043,-1.3396871686243328,nan,1.0,1.0,15m bias=SHORT_ONLY from VWAP (-2.76%),2026-02-20T15:52:59.988168-05:00,4.98,4400.0,4.99,2000.0,4.985,0.009999999999999787,0.20060180541624445
2026-02-20T09:15:00-05:00,OPEN,15m_close,1.728,CONFIRMED,SHORT_ONLY,1,1,2,1,1,-1,-1,1,1,1,-1,-2.5588770816828665,-1.101115895607275,-1.3396871686243328,nan,1.0,1.0,15m bias=SHORT_ONLY from VWAP (-1.10%),2026-02-20T15:52:59.988168-05:00,4.98,4400.0,4.99,2000.0,4.985,0.009999999999999787,0.20060180541624445
2026-02-20T09:20:00-05:00,OPEN,5m_close,1.728,CONFIRMED,SHORT_ONLY,1,1,2,1,1,-1,-1,1,1,1,-1,-1.0414857580520605,-1.101115895607275,-1.3396871686243328,nan,1.0,1.0,15m bias=SHORT_ONLY from VWAP (-1.10%),2026-02-20T15:52:59.988168-05:00,4.98,4400.0,4.99,2000.0,4.985,0.009999999999999787,0.20060180541624445
2026-02-20T09:11:00-05:00,UNG,1h_close,1.44,CONFIRMED,BOTH,1,1,0,1,0,0,0,0,0,1,1,0.052548607461899266,nan,nan,nan,1.0,1.0,15m bias=BOTH from VWAP (nan%),2026-02-20T15:53:00.179640-05:00,11.99,5200.0,12.0,11300.0,11.995000000000001,0.009999999999999787,0.08336807002917704
2026-02-20T09:11:00-05:00,UNG,30m_close,1.44,RECONSIDER,BOTH,0,1,0,1,0,0,0,0,0,1,0,0.052548607461899266,nan,-0.03736571695468498,nan,1.0,0.5,30m neutral + near VWAP (-0.04%): trend blocked,2026-02-20T15:53:00.179640-05:00,11.99,5200.0,12.0,11300.0,11.995000000000001,0.009999999999999787,0.08336807002917704
2026-02-20T09:11:00-05:00,UNG,15m_close,1.44,RECONSIDER,BOTH,0,1,0,1,0,0,0,0,0,0,0,0.052548607461899266,-0.03736571695468498,-0.03736571695468498,nan,1.0,0.5,15m near VWAP (-0.04%): bias=BOTH; favor reversion,2026-02-20T15:53:00.179640-05:00,11.99,5200.0,12.0,11300.0,11.995000000000001,0.009999999999999787,0.08336807002917704
2026-02-20T09:11:00-05:00,UNG,5m_close,1.44,RECONSIDER,BOTH,0,1,0,1,0,0,0,0,0,0,0,-0.028026905829585856,-0.03736571695468498,-0.03736571695468498,nan,1.0,0.5,15m near VWAP (-0.04%): bias=BOTH; favor reversion,2026-02-20T15:53:00.179640-05:00,11.99,5200.0,12.0,11300.0,11.995000000000001,0.009999999999999787,0.08336807002917704
2026-02-20T08:44:00-05:00,SOUN,1h_close,1.0,ACTIVE,BOTH,1,1,0,0,0,0,0,0,0,0,0,nan,nan,nan,nan,1.0,0.75,,2026-02-20T15:53:00.033504-05:00,7.8,8500.0,7.81,4400.0,7.805,0.009999999999999787,0.1281229980781523
2026-02-20T08:44:00-05:00,SOUN,30m_close,1.0,ACTIVE,BOTH,1,1,0,0,0,0,0,0,0,0,0,nan,nan,nan,nan,1.0,0.75,30m neutral: no confirmation,2026-02-20T15:53:00.033504-05:00,7.8,8500.0,7.81,4400.0,7.805,0.009999999999999787,0.1281229980781523
2026-02-20T08:44:00-05:00,SOUN,15m_close,1.0,ACTIVE,BOTH,1,1,0,0,0,0,0,0,0,0,0,nan,nan,nan,nan,1.0,0.75,15m bias=BOTH from VWAP (nan%),2026-02-20T15:53:00.033504-05:00,7.8,8500.0,7.81,4400.0,7.805,0.009999999999999787,0.1281229980781523
2026-02-20T08:44:00-05:00,SOUN,5m_close,1.0,ACTIVE,BOTH,1,1,0,0,0,0,0,0,0,0,0,nan,nan,nan,nan,1.0,0.75,5m#1 ok (no extreme VWAP dislocation),2026-02-20T15:53:00.033504-05:00,7.8,8500.0,7.81,4400.0,7.805,0.009999999999999787,0.1281229980781523
2026-02-20T09:01:00-05:00,RGTI,1h_close,1.44,CONFIRMED,SHORT_ONLY,1,1,0,-1,0,0,0,0,0,-1,-1,-0.6497993871537062,-0.6641656926399304,nan,nan,1.0,1.0,15m bias=SHORT_ONLY from VWAP (-0.66%),2026-02-20T15:53:00.047307-05:00,15.86,800.0,15.87,1200.0,15.864999999999998,0.009999999999999787,0.06303183107469137
2026-02-20T09:01:00-05:00,RGTI,30m_close,1.728,CONFIRMED,SHORT_ONLY,1,1,0,-1,0,0,0,0,0,-1,-1,-0.6497993871537062,-0.6641656926399304,-0.6448770898324304,nan,1.0,1.0,15m bias=SHORT_ONLY from VWAP (-0.66%),2026-02-20T15:53:00.047307-05:00,15.86,800.0,15.87,1200.0,15.864999999999998,0.009999999999999787,0.06303183107469137
2026-02-20T09:15:00-05:00,RGTI,15m_close,1.728,CONFIRMED,SHORT_ONLY,1,1,0,-1,0,0,0,0,0,1,-1,-0.6497993871537062,-0.6113786207902369,-0.6448770898324304,nan,1.0,1.0,15m bias=SHORT_ONLY from VWAP (-0.61%),2026-02-20T15:53:00.047307-05:00,15.86,800.0,15.87,1200.0,15.864999999999998,0.009999999999999787,0.06303183107469137
2026-02-20T09:15:00-05:00,RGTI,5m_close,1.728,CONFIRMED,SHORT_ONLY,1,1,0,-1,0,0,0,0,0,1,-1,-0.5980216011492312,-0.6113786207902369,-0.6448770898324304,nan,1.0,1.0,15m bias=SHORT_ONLY from VWAP (-0.61%),2026-02-20T15:53:00.047307-05:00,15.86,800.0,15.87,1200.0,15.864999999999998,0.009999999999999787,0.06303183107469137
2026-02-20T09:00:00-05:00,TQQQ,1h_close,1.44,CONFIRMED,SHORT_ONLY,1,1,2,-1,0,0,-1,1,-1,-1,-1,-0.5483496102084341,-0.46986216767626166,nan,nan,1.0,1.0,15m bias=SHORT_ONLY from VWAP (-0.47%),2026-02-20T15:53:00.178704-05:00,49.86,1000.0,49.88,2600.0,49.870000000000005,0.020000000000003126,0.040104271104878936
2026-02-20T09:00:00-05:00,TQQQ,30m_close,1.728,CONFIRMED,SHORT_ONLY,1,1,2,-1,0,0,-1,1,-1,-1,-1,-0.5483496102084341,-0.46986216767626166,-0.8227969241712936,nan,1.0,1.0,15m bias=SHORT_ONLY from VWAP (-0.47%),2026-02-20T15:53:00.178704-05:00,49.86,1000.0,49.88,2600.0,49.870000000000005,0.020000000000003126,0.040104271104878936
2026-02-20T09:15:00-05:00,TQQQ,15m_close,1.728,CONFIRMED,SHORT_ONLY,1,1,2,-1,0,0,-1,1,-1,-1,-1,-0.5483496102084341,-0.7615890766811313,-0.8227969241712936,nan,1.0,1.0,15m bias=SHORT_ONLY from VWAP (-0.76%),2026-02-20T15:53:00.178704-05:00,49.86,1000.0,49.88,2600.0,49.870000000000005,0.020000000000003126,0.040104271104878936
2026-02-20T09:20:00-05:00,TQQQ,5m_close,1.728,CONFIRMED,SHORT_ONLY,1,1,2,-1,0,0,-1,1,-1,-1,-1,-0.7036042211366872,-0.7615890766811313,-0.8227969241712936,nan,1.0,1.0,15m bias=SHORT_ONLY from VWAP (-0.76%),2026-02-20T15:53:00.178704-05:00,49.86,1000.0,49.88,2600.0,49.870000000000005,0.020000000000003126,0.040104271104878936
2026-02-20T09:14:00-05:00,NVD,1h_close,1.0,ACTIVE,BOTH,1,1,0,0,0,0,0,0,0,0,0,nan,nan,nan,nan,1.0,0.75,15m bias=BOTH from VWAP (nan%),2026-02-20T15:52:59.990117-05:00,6.64,42700.0,6.65,9000.0,6.645,0.010000000000000675,0.15048908954101844
2026-02-20T09:14:00-05:00,NVD,30m_close,1.2,CONFIRMED,BOTH,1,1,0,0,0,0,0,0,0,0,1,nan,nan,nan,nan,1.0,1.0,15m bias=BOTH from VWAP (nan%),2026-02-20T15:52:59.990117-05:00,6.64,42700.0,6.65,9000.0,6.645,0.010000000000000675,0.15048908954101844
2026-02-20T09:15:00-05:00,NVD,15m_close,1.2,CONFIRMED,BOTH,1,1,0,0,0,0,0,0,0,0,1,nan,0.08057407677790338,nan,nan,1.0,1.0,15m near VWAP (0.08%): bias=BOTH; favor reversion,2026-02-20T15:52:59.990117-05:00,6.64,42700.0,6.65,9000.0,6.645,0.010000000000000675,0.15048908954101844
2026-02-20T09:15:00-05:00,NVD,5m_close,1.2,CONFIRMED,BOTH,1,1,0,0,0,0,0,0,0,0,1,0.08057407677790338,0.08057407677790338,nan,nan,1.0,1.0,15m near VWAP (0.08%): bias=BOTH; favor reversion,2026-02-20T15:52:59.990117-05:00,6.64,42700.0,6.65,9000.0,6.645,0.010000000000000675,0.15048908954101844
2026-02-20T15:52:00-05:00,OPEN,5m_close,1.728,CONFIRMED,SHORT_ONLY,1,1,2,1,1,-1,-1,1,1,1,-1,-3.6165707649001204,-1.101115895607275,-1.3396871686243328,nan,1.0,1.0,15m bias=SHORT_ONLY from VWAP (-1.10%),2026-02-20T15:56:00.031512-05:00,5.02,4000.0,5.03,5500.0,5.025,0.010000000000000675,0.19900497512439155
2026-02-20T15:52:00-05:00,XLV,5m_close,1.0,ACTIVE,BOTH,1,1,0,0,0,0,0,0,0,0,0,nan,nan,nan,nan,1.0,0.75,5m#1 ok (no extreme VWAP dislocation),2026-02-20T15:56:00.167165-05:00,156.83,1300.0,156.84,100.0,156.835,0.009999999999990905,0.006376127777594863
2026-02-20T15:52:00-05:00,TQQQ,5m_close,1.728,CONFIRMED,SHORT_ONLY,1,1,2,-1,0,0,-1,1,-1,-1,-1,1.725276280515816,-0.7615890766811313,-0.8227969241712936,nan,1.0,1.0,15m bias=SHORT_ONLY from VWAP (-0.76%),2026-02-20T15:56:00.183466-05:00,49.96,2700.0,49.97,700.0,49.965,0.00999999999999801,0.02001400980686082
2026-02-20T15:52:00-05:00,QBTS,5m_close,1.0,ACTIVE,BOTH,1,1,0,1,0,0,0,0,0,0,0,nan,nan,nan,nan,1.0,0.75,5m#1 ok (no extreme VWAP dislocation),2026-02-20T15:56:00.007029-05:00,18.23,300.0,18.24,1000.0,18.235,0.00999999999999801,0.05483959418699211
2026-02-20T15:52:00-05:00,IAG,5m_close,1.0,ACTIVE,BOTH,1,1,0,1,0,0,0,0,0,0,0,nan,nan,nan,nan,1.0,0.75,5m#1 ok (no extreme VWAP dislocation),2026-02-20T15:55:59.698645-05:00,22.25,1900.0,22.26,900.0,22.255000000000003,0.010000000000001563,0.044933722758937596
2026-02-20T15:52:00-05:00,DIA,5m_close,1.0,ACTIVE,BOTH,1,1,0,0,0,0,0,0,0,0,0,nan,nan,nan,nan,1.0,0.75,5m#1 ok (no extreme VWAP dislocation),2026-02-20T15:56:00.188079-05:00,495.82,200.0,495.89,160.0,495.855,0.06999999999999318,0.01411703018019243
2026-02-20T15:52:00-05:00,XLE,5m_close,1.0,ACTIVE,BOTH,1,1,0,-1,0,0,0,0,0,0,0,nan,nan,nan,nan,1.0,0.75,5m#1 ok (no extreme VWAP dislocation),2026-02-20T15:56:00.176338-05:00,54.8,6800.0,54.81,5500.0,54.805,0.010000000000005116,0.01824651035490396
2026-02-20T15:52:00-05:00,NKTR,5m_close,1.0,ACTIVE,BOTH,1,1,0,1,0,0,0,0,0,0,0,nan,nan,nan,nan,1.0,0.75,5m#1 ok (no extreme VWAP dislocation),2026-02-20T15:55:41.288169-05:00,73.39,100.0,0.0,0.0,36.695,-73.39,-200.0
2026-02-20T15:52:00-05:00,QQQ,5m_close,1.44,CONFIRMED,SHORT_ONLY,1,1,0,-1,-1,0,0,0,0,0,-1,0.17217879845403558,-0.1812965869000338,nan,nan,1.0,1.0,15m bias=SHORT_ONLY from VWAP (-0.18%),2026-02-20T15:56:00.192168-05:00,608.34,80.0,608.36,80.0,608.35,0.01999999999998181,0.0032875811621569506
2026-02-20T15:52:00-05:00,NGD,5m_close,1.0,ACTIVE,BOTH,1,1,0,0,0,0,0,0,0,0,0,nan,nan,nan,nan,1.0,0.75,5m#1 ok (no extreme VWAP dislocation),2026-02-20T15:55:59.285435-05:00,12.22,4600.0,12.23,5000.0,12.225000000000001,0.009999999999999787,0.08179959100204323
2026-02-20T15:52:00-05:00,IONQ,5m_close,1.0,ACTIVE,BOTH,1,1,0,1,0,0,0,0,0,0,0,nan,nan,nan,nan,1.0,0.75,5m#1 ok (no extreme VWAP dislocation),2026-02-20T15:55:59.150530-05:00,31.95,100.0,31.96,100.0,31.955,0.010000000000001563,0.03129400719762655
2026-02-20T15:52:00-05:00,LUNR,5m_close,1.0,ACTIVE,BOTH,1,1,0,0,0,0,0,0,0,0,0,nan,nan,nan,nan,1.0,0.75,5m#1 ok (no extreme VWAP dislocation),2026-02-20T15:56:00.183314-05:00,17.54,100.0,19.82,100.0,18.68,2.280000000000001,12.205567451820135
2026-02-20T15:53:00-05:00,OUST,5m_close,1.0,ACTIVE,BOTH,1,1,0,0,0,0,0,0,0,0,0,nan,nan,nan,nan,1.0,0.75,5m#1 ok (no extreme VWAP dislocation),2026-02-20T15:55:59.570891-05:00,15.93,100.0,18.62,100.0,17.275,2.6900000000000013,15.571635311143279
2026-02-20T15:52:00-05:00,RGTI,5m_close,1.728,CONFIRMED,SHORT_ONLY,1,1,0,-1,0,0,0,0,0,1,-1,-1.249238490265445,-0.6113786207902369,-0.6448770898324304,nan,1.0,1.0,15m bias=SHORT_ONLY from VWAP (-0.61%),2026-02-20T15:56:00.047005-05:00,15.91,700.0,15.92,1600.0,15.915,0.009999999999999787,0.0628338045868664
2026-02-20T15:52:00-05:00,SOUN,5m_close,1.0,ACTIVE,BOTH,1,1,0,0,1,0,0,0,0,0,0,nan,nan,nan,nan,1.0,0.75,5m#1 ok (no extreme VWAP dislocation),2026-02-20T15:55:59.539715-05:00,7.84,5500.0,7.85,6800.0,7.845,0.009999999999999787,0.12746972594008651
2026-02-20T15:52:00-05:00,UBER,5m_close,1.0,ACTIVE,BOTH,1,1,0,0,0,0,0,0,0,0,0,nan,nan,nan,nan,1.0,0.75,5m#1 ok (no extreme VWAP dislocation),2026-02-20T15:56:00.051016-05:00,74.04,100.0,74.05,200.0,74.045,0.009999999999990905,0.013505300830563718
2026-02-20T15:52:00-05:00,UNG,5m_close,1.44,RECONSIDER,BOTH,0,1,0,1,0,0,0,0,0,0,0,0.41131405037492647,-0.03736571695468498,-0.03736571695468498,nan,1.0,0.5,15m near VWAP (-0.04%): bias=BOTH; favor reversion,2026-02-20T15:55:58.769884-05:00,11.98,13000.0,12.0,9100.0,11.99,0.019999999999999574,0.1668056713928238
2026-02-20T15:52:00-05:00,GORO,5m_close,1.0,ACTIVE,BOTH,1,1,0,-1,0,0,0,0,0,0,0,nan,nan,nan,nan,1.0,0.75,5m#1 ok (no extreme VWAP dislocation),2026-02-20T15:56:54.394281-05:00,1.64,600.0,1.65,10500.0,1.645,0.010000000000000009,0.6079027355623106
2026-02-20T15:52:00-05:00,NVD,5m_close,1.2,CONFIRMED,BOTH,1,1,0,0,0,0,0,0,0,0,1,-0.5278036619329406,0.08057407677790338,nan,nan,1.0,1.0,15m near VWAP (0.08%): bias=BOTH; favor reversion,2026-02-20T15:56:58.722575-05:00,6.64,10600.0,6.65,31700.0,6.645,0.010000000000000675,0.15048908954101844
2026-02-20T15:52:00-05:00,QTUM,5m_close,1.0,ACTIVE,BOTH,1,1,0,0,0,0,0,0,0,0,0,nan,nan,nan,nan,1.0,0.75,5m#1 ok (no extreme VWAP dislocation),2026-02-20T15:59:59.596539-05:00,116.96,100.0,117.51,300.0,117.235,0.5500000000000114,0.46914317396682853
2026-02-20T15:52:00-05:00,XLE,1h_close,1.0,ACTIVE,BOTH,1,1,0,-1,0,0,0,0,0,0,0,nan,nan,nan,nan,1.0,0.75,5m#1 ok (no extreme VWAP dislocation),2026-02-20T16:00:02.583142-05:00,53.28,100.0,0.0,0.0,26.64,-53.28,-200.0
2026-02-20T15:52:00-05:00,XLE,30m_close,1.2,CONFIRMED,BOTH,1,1,0,-1,0,0,0,0,0,0,1,nan,nan,nan,nan,1.0,1.0,5m#1 ok (no extreme VWAP dislocation),2026-02-20T16:00:02.583142-05:00,53.28,100.0,0.0,0.0,26.64,-53.28,-200.0
2026-02-20T15:52:00-05:00,XLE,15m_close,1.2,CONFIRMED,BOTH,1,1,0,-1,0,0,0,0,0,1,1,nan,nan,nan,nan,1.0,1.0,15m bias=BOTH from VWAP (nan%),2026-02-20T16:00:02.583142-05:00,53.28,100.0,0.0,0.0,26.64,-53.28,-200.0
2026-02-20T15:55:00-05:00,XLE,5m_close,0.66,SUSPENDED,BOTH,1,1,1,-1,1,0,0,0,0,1,1,nan,nan,nan,nan,1.0,0.0,Suspended: 5m#1/#2 conflict (VWAP dist nan%),2026-02-20T16:00:02.583142-05:00,53.28,100.0,0.0,0.0,26.64,-53.28,-200.0
2026-02-20T15:52:00-05:00,TQQQ,1h_close,1.728,CONFIRMED,SHORT_ONLY,1,1,2,-1,0,0,-1,1,-1,-1,-1,1.725276280515816,-0.7615890766811313,-0.8227969241712936,1.2636923696919287,1.0,1.0,1h sizing neutral: VWAP (1.26%) vs bias SHORT_ONLY,2026-02-20T16:01:00.139839-05:00,50.04,700.0,50.05,700.0,50.045,0.00999999999999801,0.019982016185429132
2026-02-20T15:52:00-05:00,TQQQ,30m_close,2.0736,CONFIRMED,LONG_ONLY,1,1,2,-1,0,0,-1,1,-1,-1,1,1.725276280515816,-0.7615890766811313,1.2728791636653924,1.2636923696919287,1.0,1.0,1h sizing neutral: VWAP (1.26%) vs bias SHORT_ONLY,2026-02-20T16:01:00.139839-05:00,50.04,700.0,50.05,700.0,50.045,0.00999999999999801,0.019982016185429132
2026-02-20T15:52:00-05:00,TQQQ,15m_close,2.0736,CONFIRMED,LONG_ONLY,1,1,2,-1,0,0,-1,1,-1,1,1,1.725276280515816,1.2927248971138803,1.2728791636653924,1.2636923696919287,1.0,1.0,15m bias=LONG_ONLY from VWAP (1.29%),2026-02-20T16:01:00.139839-05:00,50.04,700.0,50.05,700.0,50.045,0.00999999999999801,0.019982016185429132
2026-02-20T15:55:00-05:00,TQQQ,5m_close,2.0736,CONFIRMED,LONG_ONLY,1,1,2,-1,0,0,-1,1,-1,1,1,1.34310800457327,1.2927248971138803,1.2728791636653924,1.2636923696919287,1.0,1.0,15m bias=LONG_ONLY from VWAP (1.29%),2026-02-20T16:01:00.139839-05:00,50.04,700.0,50.05,700.0,50.045,0.00999999999999801,0.019982016185429132
2026-02-20T15:52:00-05:00,QQQ,1h_close,1.44,CONFIRMED,SHORT_ONLY,1,1,0,-1,-1,0,0,0,0,0,-1,0.17217879845403558,-0.1812965869000338,nan,0.10449612637562677,1.0,1.0,1h sizing neutral: VWAP (0.10%) vs bias SHORT_ONLY,2026-02-20T16:02:00.126055-05:00,608.67,280.0,608.73,280.0,608.7,0.06000000000005912,0.009857072449492214
2026-02-20T15:52:00-05:00,QQQ,30m_close,1.728,CONFIRMED,LONG_ONLY,1,1,0,-1,-1,0,0,0,0,0,1,0.17217879845403558,-0.1812965869000338,0.10449612637562677,0.10449612637562677,1.0,1.0,1h sizing neutral: VWAP (0.10%) vs bias SHORT_ONLY,2026-02-20T16:02:00.126055-05:00,608.67,280.0,608.73,280.0,608.7,0.06000000000005912,0.009857072449492214
2026-02-20T15:52:00-05:00,QQQ,15m_close,1.728,CONFIRMED,LONG_ONLY,1,1,0,-1,-1,0,0,0,0,1,1,0.17217879845403558,0.1041857318069382,0.10449612637562677,0.10449612637562677,1.0,1.0,15m bias=LONG_ONLY from VWAP (0.10%),2026-02-20T16:02:00.126055-05:00,608.67,280.0,608.73,280.0,608.7,0.06000000000005912,0.009857072449492214
2026-02-20T15:55:00-05:00,QQQ,5m_close,1.728,CONFIRMED,LONG_ONLY,1,1,0,-1,-1,0,0,0,0,1,1,0.11026051931050146,0.1041857318069382,0.10449612637562677,0.10449612637562677,1.0,1.0,15m bias=LONG_ONLY from VWAP (0.10%),2026-02-20T16:02:00.126055-05:00,608.67,280.0,608.73,280.0,608.7,0.06000000000005912,0.009857072449492214
2026-02-20T16:01:00-05:00,QQQ,5m_close,1.728,CONFIRMED,LONG_ONLY,1,1,0,-1,-1,0,0,0,0,1,1,0.12177278165052344,0.1041857318069382,0.10449612637562677,0.10449612637562677,1.0,1.0,15m bias=LONG_ONLY from VWAP (0.10%),2026-02-20T16:06:00.053812-05:00,608.0,80.0,608.93,280.0,608.4649999999999,0.92999999999995,0.15284363110449245
2026-02-20T15:52:00-05:00,OPEN,1h_close,1.728,CONFIRMED,SHORT_ONLY,1,1,2,1,1,-1,-1,1,1,1,-1,-3.6165707649001204,-1.101115895607275,-1.3396871686243328,-1.40138564814069,1.1,1.1,1h sizing up: below VWAP (-1.40%),2026-02-20T16:05:52.239396-05:00,5.0,100.0,5.01,100.0,5.005,0.009999999999999787,0.19980019980019556
2026-02-20T15:52:00-05:00,OPEN,30m_close,1.2096,RECONSIDER,SHORT_ONLY,0,1,2,1,1,-1,-1,1,1,1,1,-3.6165707649001204,-1.101115895607275,-1.4296608329053027,-1.40138564814069,1.1,0.55,30m fights VWAP (-1.43%): trend blocked; RECONSIDER,2026-02-20T16:05:52.239396-05:00,5.0,100.0,5.01,100.0,5.005,0.009999999999999787,0.19980019980019556
2026-02-20T15:52:00-05:00,OPEN,15m_close,1.2096,RECONSIDER,SHORT_ONLY,1,1,2,1,1,-1,-1,1,1,1,1,-3.6165707649001204,-1.3903571575651763,-1.4296608329053027,-1.40138564814069,1.1,0.55,15m bias=SHORT_ONLY from VWAP (-1.39%),2026-02-20T16:05:52.239396-05:00,5.0,100.0,5.01,100.0,5.005,0.009999999999999787,0.19980019980019556
2026-02-20T15:55:00-05:00,OPEN,5m_close,1.2096,RECONSIDER,SHORT_ONLY,1,1,2,1,1,-1,-1,1,1,1,1,-1.3805580519456266,-1.3903571575651763,-1.4296608329053027,-1.40138564814069,1.1,0.55,15m bias=SHORT_ONLY from VWAP (-1.39%),2026-02-20T16:05:52.239396-05:00,5.0,100.0,5.01,100.0,5.005,0.009999999999999787,0.19980019980019556
2026-02-20T16:00:00-05:00,TQQQ,5m_close,2.0736,CONFIRMED,LONG_ONLY,1,1,2,-1,0,0,-1,1,-1,1,1,1.177345310117036,1.2927248971138803,1.2728791636653924,1.2636923696919287,1.0,1.0,15m bias=LONG_ONLY from VWAP (1.29%),2026-02-20T16:07:58.167028-05:00,50.13,1000.0,50.15,1000.0,50.14,0.01999999999999602,0.03988831272436382
2026-02-20T16:05:00-05:00,OPEN,5m_close,1.2096,RECONSIDER,SHORT_ONLY,1,1,2,1,1,-1,-1,1,1,1,1,-0.7853885048521636,-1.3903571575651763,-1.4296608329053027,-1.40138564814069,1.1,0.55,15m bias=SHORT_ONLY from VWAP (-1.39%),2026-02-20T16:10:57.500397-05:00,5.03,100.0,5.04,100.0,5.035,0.009999999999999787,0.1986097318768577
2026-02-20T16:07:00-05:00,TQQQ,5m_close,2.0736,CONFIRMED,LONG_ONLY,1,1,2,-1,0,0,-1,1,-1,1,1,1.1634367534981527,1.2927248971138803,1.2728791636653924,1.2636923696919287,1.0,1.0,15m bias=LONG_ONLY from VWAP (1.29%),2026-02-20T16:12:59.463940-05:00,50.06,900.0,50.08,900.0,50.07,0.01999999999999602,0.0399440782903855
2026-02-20T16:05:00-05:00,QQQ,5m_close,1.728,CONFIRMED,LONG_ONLY,1,1,0,-1,-1,0,0,0,0,1,1,0.12111867126354382,0.1041857318069382,0.10449612637562677,0.10449612637562677,1.0,1.0,15m bias=LONG_ONLY from VWAP (0.10%),2026-02-20T16:15:00.121364-05:00,608.84,280.0,608.9,280.0,608.87,0.05999999999994543,0.009854320298248466
2026-02-20T16:05:00-05:00,OPEN,15m_close,1.2096,RECONSIDER,SHORT_ONLY,1,1,2,1,1,-1,-1,1,1,0,1,-0.7853885048521636,-1.187591365244013,-1.4296608329053027,-1.40138564814069,1.1,0.55,15m bias=SHORT_ONLY from VWAP (-1.19%),2026-02-20T16:15:49.689451-05:00,4.98,100.0,5.0,100.0,4.99,0.019999999999999574,0.4008016032064043
2026-02-20T16:10:00-05:00,OPEN,5m_close,1.2096,RECONSIDER,SHORT_ONLY,1,1,2,1,1,-1,-1,1,1,0,1,-1.1779844076741286,-1.187591365244013,-1.4296608329053027,-1.40138564814069,1.1,0.55,15m bias=SHORT_ONLY from VWAP (-1.19%),2026-02-20T16:15:49.689451-05:00,4.98,100.0,5.0,100.0,4.99,0.019999999999999574,0.4008016032064043
2026-02-20T16:01:00-05:00,QQQ,15m_close,1.728,CONFIRMED,LONG_ONLY,1,1,0,-1,-1,0,0,0,0,0,1,0.12111867126354382,0.10045822187180042,0.10449612637562677,0.10449612637562677,1.0,1.0,15m bias=LONG_ONLY from VWAP (0.10%),2026-02-20T16:17:00.122035-05:00,608.59,280.0,608.65,280.0,608.62,0.05999999999994543,0.009858368111456316
2026-02-20T16:14:00-05:00,QQQ,5m_close,1.728,CONFIRMED,LONG_ONLY,1,1,0,-1,-1,0,0,0,0,0,1,0.10612092292672302,0.10045822187180042,0.10449612637562677,0.10449612637562677,1.0,1.0,15m bias=LONG_ONLY from VWAP (0.10%),2026-02-20T16:17:00.122035-05:00,608.59,280.0,608.65,280.0,608.62,0.05999999999994543,0.009858368111456316
2026-02-20T16:00:00-05:00,TQQQ,15m_close,2.0736,CONFIRMED,LONG_ONLY,1,1,2,-1,0,0,-1,1,-1,0,1,1.1634367534981527,1.0237414484375726,1.2728791636653924,1.2636923696919287,1.0,1.0,15m bias=LONG_ONLY from VWAP (1.02%),2026-02-20T16:18:00.068999-05:00,50.05,900.0,50.07,900.0,50.06,0.020000000000003126,0.03995205753096909
2026-02-20T16:12:00-05:00,TQQQ,5m_close,2.0736,CONFIRMED,LONG_ONLY,1,1,2,-1,0,0,-1,1,-1,0,1,1.0591387482751728,1.0237414484375726,1.2728791636653924,1.2636923696919287,1.0,1.0,15m bias=LONG_ONLY from VWAP (1.02%),2026-02-20T16:18:00.068999-05:00,50.05,900.0,50.07,900.0,50.06,0.020000000000003126,0.03995205753096909
2026-02-20T16:17:00-05:00,TQQQ,5m_close,2.0736,CONFIRMED,LONG_ONLY,1,1,2,-1,0,0,-1,1,-1,0,1,1.0272445330108217,1.0237414484375726,1.2728791636653924,1.2636923696919287,1.0,1.0,15m bias=LONG_ONLY from VWAP (1.02%),2026-02-20T16:20:59.886356-05:00,50.04,900.0,50.06,900.0,50.05,0.020000000000003126,0.03996003996004621
2026-02-20T16:15:00-05:00,OPEN,5m_close,1.2096,RECONSIDER,SHORT_ONLY,1,1,2,1,1,-1,-1,1,1,0,1,-1.571554950635563,-1.187591365244013,-1.4296608329053027,-1.40138564814069,1.1,0.55,15m bias=SHORT_ONLY from VWAP (-1.19%),2026-02-20T16:23:30.398429-05:00,4.98,100.0,5.0,100.0,4.99,0.019999999999999574,0.4008016032064043
2026-02-20T16:16:00-05:00,QQQ,5m_close,1.728,CONFIRMED,LONG_ONLY,1,1,0,-1,-1,0,0,0,0,0,1,0.07117508150696733,0.10045822187180042,0.10449612637562677,0.10449612637562677,1.0,1.0,15m bias=LONG_ONLY from VWAP (0.10%),2026-02-20T16:25:57.574777-05:00,608.64,280.0,608.71,280.0,608.675,0.07000000000005002,0.011500390191818298
2026-02-20T16:20:00-05:00,TQQQ,5m_close,2.0736,CONFIRMED,LONG_ONLY,1,1,2,-1,0,0,-1,1,-1,0,1,0.9727247981828885,1.0237414484375726,1.2728791636653924,1.2636923696919287,1.0,1.0,15m bias=LONG_ONLY from VWAP (1.02%),2026-02-20T16:26:59.949623-05:00,50.03,900.0,50.04,200.0,50.035,0.00999999999999801,0.019986009793140823
2026-02-20T16:23:00-05:00,OPEN,5m_close,1.2096,RECONSIDER,SHORT_ONLY,1,1,2,1,1,-1,-1,1,1,0,1,-1.373497527920812,-1.187591365244013,-1.4296608329053027,-1.40138564814069,1.1,0.55,15m bias=SHORT_ONLY from VWAP (-1.19%),2026-02-20T16:27:20.957324-05:00,4.94,100.0,0.0,0.0,2.47,-4.94,-200.0
2026-02-20T16:00:00-05:00,TQQQ,30m_close,1.45152,RECONSIDER,LONG_ONLY,0,1,2,-1,0,0,-1,1,-1,0,-1,0.9727247981828885,1.0237414484375726,0.915887009679939,1.2636923696919287,1.0,0.5,30m fights VWAP (0.92%): trend blocked; RECONSIDER,2026-02-20T16:34:00.060172-05:00,50.04,900.0,50.06,900.0,50.05,0.020000000000003126,0.03996003996004621
2026-02-20T16:17:00-05:00,TQQQ,15m_close,1.45152,RECONSIDER,LONG_ONLY,1,1,2,-1,0,0,-1,1,-1,0,-1,0.9727247981828885,0.928579505147699,0.915887009679939,1.2636923696919287,1.0,0.5,15m bias=LONG_ONLY from VWAP (0.93%),2026-02-20T16:34:00.060172-05:00,50.04,900.0,50.06,900.0,50.05,0.020000000000003126,0.03996003996004621
2026-02-20T16:26:00-05:00,TQQQ,5m_close,1.45152,RECONSIDER,LONG_ONLY,1,1,2,-1,0,0,-1,1,-1,0,-1,0.9625345861335985,0.928579505147699,0.915887009679939,1.2636923696919287,1.0,0.5,15m bias=LONG_ONLY from VWAP (0.93%),2026-02-20T16:34:00.060172-05:00,50.04,900.0,50.06,900.0,50.05,0.020000000000003126,0.03996003996004621
2026-02-20T16:05:00-05:00,OPEN,30m_close,1.45152,CONFIRMED,SHORT_ONLY,1,1,2,1,1,-1,-1,1,1,0,-1,-1.373497527920812,-1.187591365244013,-1.8144233081590881,-1.40138564814069,1.1,1.1,15m bias=SHORT_ONLY from VWAP (-1.19%),2026-02-20T16:40:59.297296-05:00,4.9,100.0,4.96,100.0,4.93,0.05999999999999961,1.2170385395537446
2026-02-20T16:15:00-05:00,OPEN,15m_close,1.45152,CONFIRMED,SHORT_ONLY,1,1,2,1,1,-1,-1,1,1,-1,-1,-1.373497527920812,-1.7771753534667578,-1.8144233081590881,-1.40138564814069,1.1,1.1,15m bias=SHORT_ONLY from VWAP (-1.78%),2026-02-20T16:40:59.297296-05:00,4.9,100.0,4.96,100.0,4.93,0.05999999999999961,1.2170385395537446
2026-02-20T16:27:00-05:00,OPEN,5m_close,1.45152,CONFIRMED,SHORT_ONLY,1,1,2,1,1,-1,-1,1,1,-1,-1,-1.7677825857410252,-1.7771753534667578,-1.8144233081590881,-1.40138564814069,1.1,1.1,15m bias=SHORT_ONLY from VWAP (-1.78%),2026-02-20T16:40:59.297296-05:00,4.9,100.0,4.96,100.0,4.93,0.05999999999999961,1.2170385395537446
2026-02-20T16:01:00-05:00,QQQ,30m_close,1.728,RECONSIDER,LONG_ONLY,0,1,0,-1,-1,0,0,0,0,0,0,0.07117508150696733,0.10045822187180042,0.06755566210439867,0.10449612637562677,1.0,0.5,30m neutral + near VWAP (0.07%): trend blocked,2026-02-20T16:40:58.796089-05:00,608.75,280.0,608.79,280.0,608.77,0.03999999999996362,0.006570626016387736
2026-02-20T16:16:00-05:00,QQQ,15m_close,1.728,RECONSIDER,BOTH,0,1,0,-1,-1,0,0,0,0,0,0,0.07117508150696733,0.0668366692818979,0.06755566210439867,0.10449612637562677,1.0,0.5,15m near VWAP (0.07%): bias=BOTH; favor reversion,2026-02-20T16:40:58.796089-05:00,608.75,280.0,608.79,280.0,608.77,0.03999999999996362,0.006570626016387736
2026-02-20T16:25:00-05:00,QQQ,5m_close,1.728,RECONSIDER,BOTH,0,1,0,-1,-1,0,0,0,0,0,0,0.0724514787291157,0.0668366692818979,0.06755566210439867,0.10449612637562677,1.0,0.5,15m near VWAP (0.07%): bias=BOTH; favor reversion,2026-02-20T16:40:58.796089-05:00,608.75,280.0,608.79,280.0,608.77,0.03999999999996362,0.006570626016387736
2026-02-20T16:33:00-05:00,TQQQ,5m_close,1.45152,RECONSIDER,LONG_ONLY,1,1,2,-1,0,0,-1,1,-1,0,-1,0.9944127038560568,0.928579505147699,0.915887009679939,1.2636923696919287,1.0,0.5,15m bias=LONG_ONLY from VWAP (0.93%),2026-02-20T16:44:00.060117-05:00,50.09,700.0,50.1,1000.0,50.095,0.00999999999999801,0.019962072063076177
2026-02-20T16:33:00-05:00,TQQQ,15m_close,1.45152,RECONSIDER,LONG_ONLY,1,1,2,-1,0,0,-1,1,-1,1,-1,0.9944127038560568,1.0306527767945104,0.915887009679939,1.2636923696919287,1.0,0.5,15m bias=LONG_ONLY from VWAP (1.03%),2026-02-20T16:46:55.570086-05:00,50.07,1000.0,50.09,1000.0,50.08,0.020000000000003126,0.03993610223642797
2026-02-20T16:43:00-05:00,TQQQ,5m_close,1.45152,RECONSIDER,LONG_ONLY,1,1,2,-1,0,0,-1,1,-1,1,-1,1.064257290150259,1.0306527767945104,0.915887009679939,1.2636923696919287,1.0,0.5,15m bias=LONG_ONLY from VWAP (1.03%),2026-02-20T16:46:55.570086-05:00,50.07,1000.0,50.09,1000.0,50.08,0.020000000000003126,0.03993610223642797
2026-02-20T16:40:00-05:00,QQQ,15m_close,1.728,RECONSIDER,BOTH,0,1,0,-1,-1,0,0,0,0,0,0,0.0724514787291157,0.08991858288077614,0.06755566210439867,0.10449612637562677,1.0,0.5,15m near VWAP (0.09%): bias=BOTH; favor reversion,2026-02-20T16:50:00.127061-05:00,608.79,280.0,0.0,0.0,304.395,-608.79,-200.0
2026-02-20T16:40:00-05:00,QQQ,5m_close,1.728,RECONSIDER,BOTH,0,1,0,-1,-1,0,0,0,0,0,0,0.09544169155978624,0.08991858288077614,0.06755566210439867,0.10449612637562677,1.0,0.5,15m near VWAP (0.09%): bias=BOTH; favor reversion,2026-02-20T16:50:00.127061-05:00,608.79,280.0,0.0,0.0,304.395,-608.79,-200.0
2026-02-20T16:49:00-05:00,QQQ,5m_close,1.728,RECONSIDER,BOTH,0,1,0,-1,-1,0,0,0,0,0,0,0.0951790266747011,0.08991858288077614,0.06755566210439867,0.10449612637562677,1.0,0.5,15m near VWAP (0.09%): bias=BOTH; favor reversion,2026-02-20T16:51:00.062223-05:00,608.81,280.0,608.86,280.0,608.835,0.05000000000006821,0.008212405660001185
